"role","term","postings","role_postings","share"
"information-security-analyst","SaaS","10","23","0.43"
"information-security-analyst","FedRAMP","6","23","0.26"
"information-security-analyst","APIs","3","23","0.13"
"information-security-analyst","DoD","3","23","0.13"
"information-security-analyst","StateRAMP","3","23","0.13"
"cyber-security-analyst","SaaS","25","135","0.19"
"cyber-security-analyst","APIs","20","135","0.15"
"cyber-security-analyst","TTPs","16","135","0.12"
"cyber-security-analyst","macOS","12","135","0.09"
"cyber-security-analyst","SMBs","11","135","0.08"
"cyber-security-analyst","bQ7w9h3iexRlicUdWRiwvg","11","135","0.08"
"data-analyst","SaaS","5","32","0.16"
"data-analyst","CVs","4","32","0.13"
"data-analyst","KualaLumpur","3","32","0.09"
"data-analyst","HongKong","3","32","0.09"
"business-analyst","SaaS","3","10","0.30"
"business-analyst","NetSuite","3","10","0.30"
"java-backend-developer","APIs","23","49","0.47"
"java-backend-developer","RESTful","4","49","0.08"
"java-backend-developer","DevOps","4","49","0.08"
"frontend-developer","APIs","12","27","0.44"
"frontend-developer","gRPC","5","27","0.19"
"frontend-developer","IoT","3","27","0.11"
"full-stack-developer","APIs","50","105","0.48"
"full-stack-developer","bQ7w9h3iexRlicUdWRiwvg","21","105","0.20"
"full-stack-developer","RESTful","10","105","0.10"
"full-stack-developer","SaaS","9","105","0.09"
"data-scientist","bQ7w9h3iexRlicUdWRiwvg","17","117","0.15"
"product-manager","SaaS","47","271","0.17"
"product-manager","APIs","42","271","0.15"
"product-manager","PMs","29","271","0.11"
"qa-automation-engineer","APIs","4","19","0.21"
"qa-automation-engineer","IoT","3","19","0.16"
"qa-automation-engineer","bQ7w9h3iexRlicUdWRiwvg","3","19","0.16"
"devops-engineer","DevOps","22","92","0.24"
"devops-engineer","APIs","11","92","0.12"
"devops-engineer","SREs","11","92","0.12"
"devops-engineer","ClickHouse","10","92","0.11"
"digital-marketing-executive","SaaS","11","47","0.23"
"digital-marketing-executive","bQ7w9h3iexRlicUdWRiwvg","7","47","0.15"
"digital-marketing-executive","CVs","5","47","0.11"
