"role","cert_id","postings_with_cert","role_postings","share"
"information-security-analyst","cisa","8","23","0.35"
"information-security-analyst","cissp","6","23","0.26"
"information-security-analyst","cism","5","23","0.22"
"information-security-analyst","crisc","4","23","0.17"
"information-security-analyst","comptia-security-plus","2","23","0.09"
"information-security-analyst","iso27001-lead-auditor","1","23","0.04"
"information-security-analyst","isc2-cc","1","23","0.04"
"information-security-analyst","ceh","1","23","0.04"
"cyber-security-analyst","cissp","8","135","0.06"
"cyber-security-analyst","oscp","7","135","0.05"
"cyber-security-analyst","gcih","5","135","0.04"
"cyber-security-analyst","comptia-security-plus","3","135","0.02"
"cyber-security-analyst","ccsp","3","135","0.02"
"cyber-security-analyst","cism","3","135","0.02"
"cyber-security-analyst","aws-security-specialty","2","135","0.01"
"cyber-security-analyst","cka","2","135","0.01"
"cyber-security-analyst","terraform-associate","2","135","0.01"
"cyber-security-analyst","ceh","1","135","0.01"
"database-architect","databricks-data-engineer-associate","1","3","0.33"
"full-stack-developer","databricks-data-engineer-associate","1","105","0.01"
"product-manager","pmp","1","271","0.00"
"qa-automation-engineer","pmp","1","19","0.05"
"devops-engineer","comptia-security-plus","2","92","0.02"
"devops-engineer","cissp","2","92","0.02"
"devops-engineer","cka","1","92","0.01"
